"event_name","event_name_analyzed","event_code","fk_program_seasons","event_subtype","event_subtype_moniker","event_type","event_venue","event_venue_sort","event_venue_analyzed","event_stateprov","event_country","event_city","event_address1","event_address2","date_end","date_start","event_postalcode","event_season","capacity_total","event_web_url","flag_bag_and_tag_event","program_code_display","program_name","flag_display_in_vims","ff_event_type_sort_order","countryCode","open_capacity","event_fee_currency","hotel_document","id","lat","lon","event_venue_room","event_fee_base","community_event_contact_name_first","community_event_contact_name_last","community_event_contact_email"
"Aerospace Valley Regional","Aerospace Valley Regional","CAAV",247,"Regional","Regional","FRC","Eastside High School","Eastside High School","Eastside High School","CA","USA","Lancaster","3200 E Ave J 8",,"2018-04-07T00:00:00","2018-04-04T00:00:00","93535",2018,36,,true,"FRC","FIRST Robotics Competition",true,3,"US",22,"USD","http://www.usfirst.org/roboticsprograms/frc/travel-discounts",33133,34.715491,-117.902577,,,,,
"Alamo Regional","Alamo Regional","TXSA",247,"Regional","Regional","FRC","St. Mary's University","St. Mary's University","St. Mary's University","TX","USA","San Antonio","Greehey Arena","1 Camino Santa Maria","2018-04-07T00:00:00","2018-04-04T00:00:00","78228",2018,48,"http://www.alamo-first.org",true,"FRC","FIRST Robotics Competition",true,3,"US",11,"USD","http://www.usfirst.org/roboticsprograms/frc/travel-discounts",27951,29.459623,-98.574755,"",,"","",""
"Arizona North Regional","Arizona North Regional","AZFL",247,"Regional","Regional","FRC","J. Lawrence Walkup Skydome - Northern Arizona University","J. Lawrence Walkup Skydome - Northern Arizona University","J. Lawrence Walkup Skydome - Northern Arizona University","AZ","USA","Flagstaff","1701 S. San Francisco Street",,"2018-03-10T00:00:00","2018-03-07T00:00:00","86011",2018,60,"http://www.azfirst.org/",true,"FRC","FIRST Robotics Competition",true,3,"US",30,"USD","http://www.usfirst.org/roboticsprograms/frc/travel-discounts",27861,35.188945,-111.620766,"",,"","",""
"Arizona West Regional","Arizona West Regional","AZPX",247,"Regional","Regional","FRC","Grand Canyon University Arena","Grand Canyon University Arena","Grand Canyon University Arena","AZ","USA","Phoenix","3300 W. Camelback Road",,"2018-04-07T00:00:00","2018-04-04T00:00:00","85017",2018,42,"http://www.azfirst.org/",true,"FRC","FIRST Robotics Competition",true,3,"US",10,"USD","http://www.usfirst.org/roboticsprograms/frc/travel-discounts",28047,33.510589,-112.122065,,,"","",
"Arkansas Rock City Regional","Arkansas Rock City Regional","ARLI",247,"Regional","Regional","FRC","Arkansas State Fairgrounds - Barton Coliseum","Arkansas State Fairgrounds - Barton Coliseum","Arkansas State Fairgrounds - Barton Coliseum","AR","USA","Little Rock","Barton Coliseum","2600 Howard Street","2018-03-10T00:00:00","2018-03-07T00:00:00","72206",2018,60,"http://arfirst.org",true,"FRC","FIRST Robotics Competition",true,3,"US",41,"USD","http://www.usfirst.org/roboticsprograms/frc/travel-discounts",28101,34.681307,-92.27776,,,,,
"Bayou Regional","Bayou Regional","LAKE",247,"Regional","Regional","FRC","Pontchartrain Center","Pontchartrain Center","Pontchartrain Center","LA","USA","Kenner","Pontchartrain Center ","4545 Williams Blvd","2018-03-24T00:00:00","2018-03-21T00:00:00","70065",2018,60,"http://www.frcbayouregional.org",true,"FRC","FIRST Robotics Competition",true,3,"US",19,"USD","http://www.usfirst.org/roboticsprograms/frc/travel-discounts",27863,30.024262,-90.249125,"",,"","",""
"Buckeye Regional","Buckeye Regional","OHCL",247,"Regional","Regional","FRC","Cleveland State University - Wolstein Center","Cleveland State University - Wolstein Center","Cleveland State University - Wolstein Center","OH","USA","Cleveland","2000 Prospect Street",,"2018-03-31T00:00:00","2018-03-28T00:00:00","44115",2018,60,"http://www.firstbuckeye.org/",true,"FRC","FIRST Robotics Competition",true,3,"US",33,"USD","http://www.usfirst.org/roboticsprograms/frc/travel-discounts",27897,41.496936,-81.6742,"",,"","",
"CHS District Central Maryland Event","CHS District Central Maryland Event","MDEDG",247,"Qualifying Event","District Event","FRC","South River High School","South River High School","South River High School","MD","USA","Edgewater","201 Central Avenue East",,"2018-03-25T00:00:00","2018-03-23T00:00:00","21037",2018,36,"http://www.firstchesapeake.org",true,"FRC","FIRST Robotics Competition",true,200,"US",14,"USD","http://www.usfirst.org/roboticsprograms/frc/travel-discounts",28059,38.921302,-76.542804,,,,,
"CHS District Central Virginia Event","CHS District Central Virginia Event","VAGLE",247,"Qualifying Event","District Event","FRC","Deep Run High School","Deep Run High School","Deep Run High School","VA","USA","Glen Allen","4801 Twin Hickory Road",,"2018-03-11T00:00:00","2018-03-09T00:00:00","23059",2018,36,"http://www.firstchesapeake.org",true,"FRC","FIRST Robotics Competition",true,200,"US",15,"USD","http://www.usfirst.org/roboticsprograms/frc/travel-discounts",28061,37.716392,-77.578346,,,,,
"CHS District Greater DC Event","CHS District Greater DC Event","VAGDC",247,"Qualifying Event","District Event","FRC","Hayfield Secondary School","Hayfield Secondary School","Hayfield Secondary School","VA","USA","Alexandria","7630 Telegraph Road",,"2018-03-11T00:00:00","2018-03-09T00:00:00","22315",2018,36,"http://www.firstchesapeake.org",true,"FRC","FIRST Robotics Competition",true,200,"US",11,"USD","http://www.usfirst.org/roboticsprograms/frc/travel-discounts",27931,38.78448,-77.1252,"",,"","",""
"CHS District Hampton Roads Event","CHS District Hampton Roads Event","VAPOR",247,"Qualifying Event","District Event","FRC","Churchland High School","Churchland High School","Churchland High School","VA","USA","Portsmouth","4301 Cedar Lane",,"2018-03-18T00:00:00","2018-03-16T00:00:00","23703",2018,36,"http://www.firstchesapeake.org",true,"FRC","FIRST Robotics Competition",true,200,"US",28,"USD","http://www.usfirst.org/roboticsprograms/frc/travel-discounts",28057,36.866685,-76.387575,,,"","",
"CHS District Northern Virginia Event","CHS District Northern Virginia Event","VAHAY",247,"Qualifying Event","District Event","FRC","Battlefield High School","Battlefield High School","Battlefield High School","VA","USA","Haymarket","15000 Graduation Drive",,"2018-03-04T00:00:00","2018-03-02T00:00:00","20169",2018,36,"http://www.firstchesapeake.org",true,"FRC","FIRST Robotics Competition",true,200,"US",8,"USD","http://www.usfirst.org/roboticsprograms/frc/travel-discounts",27879,38.872792,-77.660457,"",,"","",
"CHS District Southern Maryland Event","CHS District Southern Maryland Event","MDOXO",247,"Qualifying Event","District Event","FRC","Oxon Hill High School","Oxon Hill High School","Oxon Hill High School","MD","USA","Oxon Hill","6701 Leyte Drive",,"2018-03-18T00:00:00","2018-03-16T00:00:00","20745",2018,36,"http://www.firstchesapeake.org",true,"FRC","FIRST Robotics Competition",true,200,"US",29,"USD","http://www.usfirst.org/roboticsprograms/frc/travel-discounts",28055,38.807841,-76.989145,,,,,
"CHS District Southwest Virginia Event","CHS District Southwest Virginia Event","VABLA",247,"Qualifying Event","District Event","FRC","Blacksburg High School","Blacksburg High School","Blacksburg High School","VA","USA","Blacksburg","3401 Bruin Lane",,"2018-03-25T00:00:00","2018-03-23T00:00:00","24060",2018,36,"http://www.firstchesapeake.org",true,"FRC","FIRST Robotics Competition",true,200,"US",28,"USD","http://www.usfirst.org/roboticsprograms/frc/travel-discounts",27853,37.229033,-80.414886,"",,"","",""
"Canadian Pacific Regional","Canadian Pacific Regional","BCVI",247,"Regional","Regional","FRC","Save on Foods Memorial Centre","Save on Foods Memorial Centre","Save on Foods Memorial Centre","BC","Canada","Victoria","1925 Blanshard Street",,"2018-03-16T00:00:00","2018-03-13T00:00:00","V8T 4J2",2018,36,,true,"FRC","FIRST Robotics Competition",true,3,"CA",26,"USD","http://www.usfirst.org/roboticsprograms/frc/travel-discounts",33129,48.43265,-123.35835,,,,,
"Canadian Rockies Regional","Canadian Rockies Regional","ABCA",247,"Regional","Regional","FRC","Genesis Centre","Genesis Centre","Genesis Centre","AB","Canada","Calgary","#10, 755 Falconridge Blvd NE",,"2018-04-07T00:00:00","2018-04-04T00:00:00","T3J 0C9",2018,50,"http://frcwest.com/",true,"FRC","FIRST Robotics Competition",true,3,"CA",37,"USD","http://www.usfirst.org/roboticsprograms/frc/travel-discounts",27991,51.106945,-113.952401,,,"","",""
"Central Illinois Regional","Central Illinois Regional","ILPE",247,"Regional","Regional","FRC","Renaissance Coliseum - Bradley University","Renaissance Coliseum - Bradley University","Renaissance Coliseum - Bradley University","IL","USA","Peoria","1600 W. Main Street",,"2018-03-17T00:00:00","2018-03-14T00:00:00","61625",2018,40,"http://www.firstillinoisrobotics.org/frc/events/central-illinois-regional/",true,"FRC","FIRST Robotics Competition",true,3,"US",18,"USD","http://www.usfirst.org/roboticsprograms/frc/travel-discounts",28023,40.845091,-89.582017,,,"","",
"Central New York Regional","Central New York Regional","NYUT",247,"Regional","Regional","FRC","Wildcat Field House / SUNY Poly Institute","Wildcat Field House / SUNY Poly Institute","Wildcat Field House / SUNY Poly Institute","NY","USA","Utica","100 Seymour Road",,"2018-03-04T00:00:00","2018-03-01T00:00:00","13502",2018,40,,true,"FRC","FIRST Robotics Competition",true,3,"US",31,"USD","http://www.usfirst.org/roboticsprograms/frc/travel-discounts",28139,43.12746,-75.21426,,,,,
"Central Valley Regional","Central Valley Regional","CAFR",247,"Regional","Regional","FRC","Fresno Convention & Entertainment Center","Fresno Convention & Entertainment Center","Fresno Convention & Entertainment Center","CA","USA","Fresno","848 M Street",,"2018-04-08T00:00:00","2018-04-05T00:00:00","93721",2018,48,"http://www.centralvalleyregional.org",true,"FRC","FIRST Robotics Competition",true,3,"US",30,"USD","http://www.usfirst.org/roboticsprograms/frc/travel-discounts",27967,36.73329,-119.779567,"",,"","",""
"Colorado Regional","Colorado Regional","CODE",247,"Regional","Regional","FRC","University of Denver - Daniel L. Ritchie Center","University of Denver - Daniel L. Ritchie Center","University of Denver - Daniel L. Ritchie Center","CO","USA","Denver","2201 East Asbury Ave",,"2018-03-24T00:00:00","2018-03-21T00:00:00","80210",2018,54,"http://coloradofirst.org/COFIRST/programs/frc/colorado-regional/",true,"FRC","FIRST Robotics Competition",true,3,"US",20,"USD","http://www.usfirst.org/roboticsprograms/frc/travel-discounts",27903,39.675422,-104.96163,"",,"","",""
"Oklahoma Regional ","Oklahoma Regional ","OKOK",247,"Regional","Regional","FRC","Cox Arena - SMG Convention Center","Cox Arena - SMG Convention Center","Cox Arena - SMG Convention Center","OK","USA","Oklahoma City","One Myriad Gardens",,"2018-03-31T00:00:00","2018-03-28T00:00:00","73102",2018,62,"http://www.first-oklahoma.com/",true,"FRC","FIRST Robotics Competition",true,3,"US",14,"USD","http://www.usfirst.org/roboticsprograms/frc/travel-discounts",27927,35.471927,-97.518257,"",,"","",""
"Orange County Regional","Orange County Regional","CAIR",247,"Regional","Regional","FRC","University of California, Irvine","University of California, Irvine","University of California, Irvine","CA","USA","Irvine","Bren Events Center","100 Bren Events Center","2018-03-24T00:00:00","2018-03-21T00:00:00","92697",2018,52,"http://www.firstoc.org/",true,"FRC","FIRST Robotics Competition",true,3,"US",10,"USD","http://www.usfirst.org/roboticsprograms/frc/travel-discounts",27985,33.648513,-117.838683,,,"","",
"Orlando Regional","Orlando Regional","FLOR",247,"Regional","Regional","FRC","CFE Arena at the University of Central Florida","CFE Arena at the University of Central Florida","CFE Arena at the University of Central Florida","FL","USA","Orlando","12777 Gemini Blvd N",,"2018-03-10T00:00:00","2018-03-07T00:00:00","32816",2018,64,"http://orlandofrc.org",true,"FRC","FIRST Robotics Competition",true,3,"US",16,"USD","http://www.usfirst.org/roboticsprograms/frc/travel-discounts",27867,28.606119,-81.204801,"",,"","",
"PCH District Albany Event","PCH District Albany Event","GAALB",247,"Qualifying Event","District Event","FRC","Albany Civic Center","Albany Civic Center","Albany Civic Center","GA","USA","Albany","100 W. Oglethorpe Blvd",,"2018-03-17T00:00:00","2018-03-15T00:00:00","31701",2018,34,"http://www.gafirst.org",true,"FRC","FIRST Robotics Competition",true,200,"US",29,"USD","http://www.usfirst.org/roboticsprograms/frc/travel-discounts",28071,31.572819,-84.163287,,,,,
"PCH District Columbus Event","PCH District Columbus Event","GACOL",247,"Qualifying Event","District Event","FRC","Columbus State University - Lumpkin Center","Columbus State University - Lumpkin Center","Columbus State University - Lumpkin Center","GA","USA","Columbus","4225 University Avenue",,"2018-03-24T00:00:00","2018-03-22T00:00:00","31907",2018,34,"http://www.gafirst.org",true,"FRC","FIRST Robotics Competition",true,200,"US",27,"USD","http://www.usfirst.org/roboticsprograms/frc/travel-discounts",27889,32.477304,-84.903608,"",,"","",""
"PCH District Dalton Event","PCH District Dalton Event","GADAL",247,"Qualifying Event","District Event","FRC","Dalton Convention Center","Dalton Convention Center","Dalton Convention Center","GA","USA","Dalton","2211 Dug Gap Battle Road",,"2018-03-10T00:00:00","2018-03-08T00:00:00","30720",2018,34,"http://www.gafirst.org",true,"FRC","FIRST Robotics Competition",true,200,"US",18,"USD","http://www.usfirst.org/roboticsprograms/frc/travel-discounts",28073,34.759673,-84.975973,,,,,
"PCH District Duluth Event","PCH District Duluth Event","GADUL",247,"Qualifying Event","District Event","FRC","Infinite Energy Arena","Infinite Energy Arena","Infinite Energy Arena","GA","USA","Duluth","6400 Sugarloaf Parkway",,"2018-03-31T00:00:00","2018-03-29T00:00:00","30097",2018,34,"http://gafirst.org/",true,"FRC","FIRST Robotics Competition",true,200,"US",21,"USD","http://www.usfirst.org/roboticsprograms/frc/travel-discounts",33047,34.025741,-84.141816,,,,,
"PCH District Gainesville Event","PCH District Gainesville Event","GAGAI",247,"Qualifying Event","District Event","FRC","Riverside Military Academy - Field House","Riverside Military Academy - Field House","Riverside Military Academy - Field House","GA","USA","Gainesville","2001 Riverside Drive",,"2018-03-04T00:00:00","2018-03-02T00:00:00","30501",2018,34,"http://www.gafirst.org",true,"FRC","FIRST Robotics Competition",true,200,"US",5,"USD","http://www.usfirst.org/roboticsprograms/frc/travel-discounts",28113,34.286057,-83.820309,,,,,
"PNW District Auburn Event","PNW District Auburn Event","WAAHS",247,"Qualifying Event","District Event","FRC","Auburn High School","Auburn High School","Auburn High School","WA","USA","Auburn","711 E. Main St.",,"2018-03-18T00:00:00","2018-03-16T00:00:00","98002",2018,38,"http://www.firstwa.org",true,"FRC","FIRST Robotics Competition",true,200,"US",20,"USD","http://www.usfirst.org/roboticsprograms/frc/travel-discounts",28017,47.302461,-122.186065,,,"","",
"PNW District Auburn Mountainview Event","PNW District Auburn Mountainview Event","WAAMV",247,"Qualifying Event","District Event","FRC","Auburn Mountainview High School","Auburn Mountainview High School","Auburn Mountainview High School","WA","USA","Auburn","28900 124th Avenue SE",,"2018-03-31T00:00:00","2018-03-29T00:00:00","98092",2018,36,"http://www.firstwa.org/",true,"FRC","FIRST Robotics Competition",true,200,"US",21,"USD","http://www.usfirst.org/roboticsprograms/frc/travel-discounts",28007,47.283585,-122.128606,,,"","",
"PNW District Clackamas Academy Event","PNW District Clackamas Academy Event","ORORE",247,"Qualifying Event","District Event","FRC","Clackamas Academy","Clackamas Academy","Clackamas Academy","OR","USA","Oregon City","1306 12th Street",,"2018-03-03T00:00:00","2018-03-01T00:00:00","97045",2018,36,"http://www.firstwa.org/",true,"FRC","FIRST Robotics Competition",true,200,"US",27,"USD","http://www.usfirst.org/roboticsprograms/frc/travel-discounts",28011,45.340277,-122.560941,,,"","",
"PNW District Glacier Peak Event","PNW District Glacier Peak Event","WASNO",247,"Qualifying Event","District Event","FRC","Glacier Peak High School","Glacier Peak High School","Glacier Peak High School","WA","USA","Snohomish","7401 144th Place SE",,"2018-03-25T00:00:00","2018-03-23T00:00:00","98296",2018,38,"http://www.firstwa.org/",true,"FRC","FIRST Robotics Competition",true,200,"US",11,"USD","http://www.usfirst.org/roboticsprograms/frc/travel-discounts",28009,47.822897,-122.118251,,,"","",
"PNW District Lake Oswego Event","PNW District Lake Oswego Event","ORLAK",247,"Qualifying Event","District Event","FRC","Lake Oswego High School","Lake Oswego High School","Lake Oswego High School","OR","USA","Lake Oswego","2501 Country Club Rd",,"2018-03-31T00:00:00","2018-03-29T00:00:00","97034",2018,36,"http://www.firstwa.org",true,"FRC","FIRST Robotics Competition",true,200,"US",15,"USD","http://www.usfirst.org/roboticsprograms/frc/travel-discounts",28021,45.410367,-122.689055,,,"","",
"PNW District Mount Vernon Event","PNW District Mount Vernon Event","WAMOU",247,"Qualifying Event","District Event","FRC","Mount Vernon High School","Mount Vernon High School","Mount Vernon High School","WA","USA","Mount Vernon","314 North 9th Street",,"2018-03-04T00:00:00","2018-03-02T00:00:00","98273",2018,38,"http://www.firstwa.org/",true,"FRC","FIRST Robotics Competition",true,200,"US",27,"USD","http://www.usfirst.org/roboticsprograms/frc/travel-discounts",28013,48.407114,-122.324434,,,"","",
"PNW District SunDome Event","PNW District SunDome Event","WAYAK",247,"Qualifying Event","District Event","FRC","SunDome, State Fair Park","SunDome, State Fair Park","SunDome, State Fair Park","WA","USA","Yakima","1301 S. Fair Avenue",,"2018-03-17T00:00:00","2018-03-15T00:00:00","98901",2018,36,"http://www.firstwa.org/",true,"FRC","FIRST Robotics Competition",true,200,"US",29,"USD","http://www.usfirst.org/roboticsprograms/frc/travel-discounts",32237,46.606829,-120.465379,,,,,
"PNW District West Valley Event","PNW District West Valley Event","WASPO",247,"Qualifying Event","District Event","FRC","West Valley High School","West Valley High School","West Valley High School","WA","USA","Spokane","8301 E. Buckeye Avenue",,"2018-03-24T00:00:00","2018-03-22T00:00:00","99212",2018,36,"http://www.firstwa.org",true,"FRC","FIRST Robotics Competition",true,200,"US",21,"USD","http://www.usfirst.org/roboticsprograms/frc/travel-discounts",27953,47.660806,-117.314906,"",,"","",
"PNW District Wilsonville Event","PNW District Wilsonville Event","ORWIL",247,"Qualifying Event","District Event","FRC","Wilsonville High School","Wilsonville High School","Wilsonville High School","OR","USA","Wilsonville","6800 SW Wilsonville Road",,"2018-03-10T00:00:00","2018-03-08T00:00:00","97070",2018,36,"http://oregonfirst.org/",true,"FRC","FIRST Robotics Competition",true,200,"US",11,"USD","http://www.usfirst.org/roboticsprograms/frc/travel-discounts",28027,45.301823,-122.762197,,,"","",
"Pacific Northwest District Championship","Pacific Northwest District Championship","PNCMP",247,"Qualifying Championship","District Championship","FRC","Veterans Memorial Stadium","Veterans Memorial Stadium","Veterans Memorial Stadium","OR","USA","Portland","300 N Winning Way",,"2018-04-07T00:00:00","2018-04-04T00:00:00","97227",2018,64,"http://www.firstwa.org",true,"FRC","FIRST Robotics Competition",true,100,"US",64,"USD","http://www.usfirst.org/roboticsprograms/frc/travel-discounts",28029,45.54538,-122.67553,,,"","",
"Palmetto Regional","Palmetto Regional","SCMB",247,"Regional","Regional","FRC","Myrtle Beach Convention Center","Myrtle Beach Convention Center","Myrtle Beach Convention Center","SC","USA","Myrtle Beach","2101 Oak Street",,"2018-03-03T00:00:00","2018-02-28T00:00:00","29578",2018,64,"http://www.myrtlebeachfirstrobotics.com",true,"FRC","FIRST Robotics Competition",true,3,"US",38,"USD","http://www.usfirst.org/roboticsprograms/frc/travel-discounts",27915,33.726237,-78.844532,"",,"","",
"Peachtree District State Championship","Peachtree District State Championship","GACMP",247,"Qualifying Championship","District Championship","FRC","University of Georgia - Stegeman Coliseum","University of Georgia - Stegeman Coliseum","University of Georgia - Stegeman Coliseum","GA","USA","Athens","100 Smith Street",,"2018-04-07T00:00:00","2018-04-04T00:00:00","30605",2018,45,"http://www.gafirst.org",true,"FRC","FIRST Robotics Competition",true,100,"US",45,"USD","http://www.usfirst.org/roboticsprograms/frc/travel-discounts",28075,33.926072,-83.340748,,,,,
"FIM District Southfield Event","FIM District Southfield Event","MISOU",247,"Qualifying Event","District Event","FRC","Southfield High School","Southfield High School","Southfield High School","MI","USA","Southfield","24675 Lahser Road",,"2018-03-03T00:00:00","2018-03-01T00:00:00","48033",2018,40,"http://www.firstinmichigan.org",true,"FRC","FIRST Robotics Competition",true,200,"US",22,"USD","http://www.usfirst.org/roboticsprograms/frc/travel-discounts",27881,42.472345,-83.293971,"",,"","",
"FIM District St. Joseph Event","FIM District St. Joseph Event","MISJO",247,"Qualifying Event","District Event","FRC","St. Joseph High School","St. Joseph High School","St. Joseph High School","MI","USA","St. Joseph","2521 Stadium Drive",,"2018-03-10T00:00:00","2018-03-08T00:00:00","49085",2018,40,"http://www.firstinmichigan.org",true,"FRC","FIRST Robotics Competition",true,200,"US",26,"USD","http://www.usfirst.org/roboticsprograms/frc/travel-discounts",27961,42.068065,-86.475496,"",,"","",
"FIM District Traverse City Event","FIM District Traverse City Event","MITVC",247,"Qualifying Event","District Event","FRC","Traverse City Central High School","Traverse City Central High School","Traverse City Central High School","MI","USA","Traverse City","1150 Miliken Drive",,"2018-03-03T00:00:00","2018-03-01T00:00:00","49686",2018,40,"http://www.firstinmichigan.org",true,"FRC","FIRST Robotics Competition",true,200,"US",14,"USD","http://www.usfirst.org/roboticsprograms/frc/travel-discounts",27939,44.754969,-85.596072,"",,"","",
"FIM District Troy Event","FIM District Troy Event","MITRY",247,"Qualifying Event","District Event","FRC","Troy Athens High School","Troy Athens High School","Troy Athens High School","MI","USA","Troy","4333 John R Road",,"2018-03-31T00:00:00","2018-03-29T00:00:00","48085",2018,40,"http://www.firstinmichigan.org",true,"FRC","FIRST Robotics Competition",true,200,"US",25,"USD","http://www.usfirst.org/roboticsprograms/frc/travel-discounts",27945,42.595219,-83.120115,"",,"","",
"FIM District Waterford Event","FIM District Waterford Event","MIWAT",247,"Qualifying Event","District Event","FRC","Waterford Mott High School","Waterford Mott High School","Waterford Mott High School","MI","USA","Waterford","1151 Scott Lake Road",,"2018-03-10T00:00:00","2018-03-08T00:00:00","48328",2018,40,"http://www.firstinmichigan.org",true,"FRC","FIRST Robotics Competition",true,200,"US",28,"USD","http://www.usfirst.org/roboticsprograms/frc/travel-discounts",28035,42.644305,-83.356394,,,"","",
"FIM District West Michigan Event","FIM District West Michigan Event","MIWMI",247,"Qualifying Event","District Event","FRC","Grand Valley State University","Grand Valley State University","Grand Valley State University","MI","USA","Allendale","Field House","10915 S Campus Drive","2018-03-24T00:00:00","2018-03-22T00:00:00","49401",2018,40,"http://www.firstinmichigan.org",true,"FRC","FIRST Robotics Competition",true,200,"US",16,"USD","http://www.usfirst.org/roboticsprograms/frc/travel-discounts",27921,42.974447,-85.930121,"",,"","",
"FIRST Championship - Detroit","FIRST Championship - Detroit","CMPMI",247,"Championship","FIRST Championship","FRC","Cobo Center","Cobo Center","Cobo Center","MI","USA","Detroit","1 Washington Boulevard",,"2018-04-28T00:00:00","2018-04-25T00:00:00","48226",2018,400,,false,"FRC","FIRST Robotics Competition",false,2,"US",400,"USD","http://www.usfirst.org/roboticsprograms/frc/travel-discounts",32149,42.332339,-83.051131,,,,,
"FIRST Championship - Houston","FIRST Championship - Houston","CMPTX",247,"Championship","FIRST Championship","FRC","George R. Brown Convention Center","George R. Brown Convention Center","George R. Brown Convention Center","TX","USA","Houston","1001 Avenida De Las Americas",,"2018-04-21T00:00:00","2018-04-18T00:00:00","77010",2018,400,,false,"FRC","FIRST Robotics Competition",false,2,"US",400,"USD","http://www.usfirst.org/roboticsprograms/frc/travel-discounts",28089,29.754759,-95.361326,,0,"","",
"FIRST Chesapeake District Championship","FIRST Chesapeake District Championship","CHCMP",247,"Qualifying Championship","District Championship","FRC","TBD - Venue information coming soon","TBD - Venue information coming soon","TBD - Venue information coming soon","VA","USA","TBD","TBD - coming soon",,"2018-03-31T00:00:00","2018-03-28T00:00:00","00000",2018,58,"http://www.firstchesapeake.org",true,"FRC","FIRST Robotics Competition",true,100,"US",58,"USD","http://www.usfirst.org/roboticsprograms/frc/travel-discounts",28063,0,0,,,"","",
"FIRST Israel District Championship","FIRST Israel District Championship","ISCMP",247,"Qualifying Championship","District Championship","FRC","Menora Mivtachim Arena","Menora Mivtachim Arena","Menora Mivtachim Arena","TA","Israel","Tel Aviv-Yafo","Yigal Alon Street 51",,"2018-03-28T00:00:00","2018-03-26T00:00:00","00000",2018,45,"http://firstisrael.org.il",true,"FRC","FIRST Robotics Competition",true,100,"IL",45,"USD","http://www.usfirst.org/roboticsprograms/frc/travel-discounts",27909,0,0,"",,"","",""
"FIRST Mid-Atlantic District Championship","FIRST Mid-Atlantic District Championship","MRCMP",247,"Qualifying Championship","District Championship","FRC","Lehigh University - Stabler Arena","Lehigh University - Stabler Arena","Lehigh University - Stabler Arena","PA","USA","Bethlehem","124 Goodman Drive",,"2018-04-07T00:00:00","2018-04-04T00:00:00","18015",2018,60,"http://www.midatlanticrobotics.com/",true,"FRC","FIRST Robotics Competition",true,100,"US",60,"USD","http://www.usfirst.org/roboticsprograms/frc/travel-discounts",27917,40.601395,-75.369112,"",,"","",
"FIRST North Carolina State Championship","FIRST North Carolina State Championship","NCCMP",247,"Qualifying Championship","District Championship","FRC","Campbell University - Gore Arena","Campbell University - Gore Arena","Campbell University - Gore Arena","NC","USA","Lillington","56 Main Street",,"2018-04-08T00:00:00","2018-04-06T00:00:00","27546",2018,32,"http://www.firstnorthcarolina.org/",true,"FRC","FIRST Robotics Competition",true,100,"US",32,"USD","http://www.usfirst.org/roboticsprograms/frc/travel-discounts",28069,35.397219,-78.813484,,,"","",
"FIRST Ontario Provincial Championship","FIRST Ontario Provincial Championship","ONCMP",247,"Qualifying Championship","District Championship","FRC","Hershey Centre","Hershey Centre","Hershey Centre","ON","Canada","Mississauga","5500 Rose Cherry Place",,"2018-04-14T00:00:00","2018-04-11T00:00:00","L4Z 4B6",2018,80,"http://www.firstroboticscanada.org",true,"FRC","FIRST Robotics Competition",true,100,"CA",80,"USD","http://www.usfirst.org/roboticsprograms/frc/travel-discounts",28099,43.62838,-79.65296,,,,,
"Festival de Robotique - Montreal Regional","Festival de Robotique - Montreal Regional","QCMO",247,"Regional","Regional","FRC","Centre Claude-Robillard","Centre Claude-Robillard","Centre Claude-Robillard","QC","Canada","Montreal","1000 Avenue Emile-Journault",,"2018-03-03T00:00:00","2018-02-28T00:00:00","H2M 2E7",2018,56,"http://www.robotiquefirstquebec.org/",true,"FRC","FIRST Robotics Competition",true,3,"CA",7,"USD","http://www.usfirst.org/roboticsprograms/frc/travel-discounts",27971,45.55087,-73.64025,"",,"","",""
"Finger Lakes Regional ","Finger Lakes Regional ","NYRO",247,"Regional","Regional","FRC","Gordon Field House","Gordon Field House","Gordon Field House","NY","USA","Rochester","Rochester Institute of Technology","149 Lomb Memorial Drive","2018-03-17T00:00:00","2018-03-14T00:00:00","14623",2018,50,"http://upstatenyfirst.org/",true,"FRC","FIRST Robotics Competition",true,3,"US",20,"USD","http://www.usfirst.org/roboticsprograms/frc/travel-discounts",27865,43.081673,-77.633588,"",,"","Glen","gpearson@firstinspires.org"
"Great Northern Regional","Great Northern Regional","NDGF",247,"Regional","Regional","FRC","Alerus Center","Alerus Center","Alerus Center","ND","USA","Grand Forks","1200 S 42nd Street",,"2018-03-03T00:00:00","2018-02-28T00:00:00","58201",2018,40,"http://www.mnfirst.org",true,"FRC","FIRST Robotics Competition",true,3,"US",22,"USD","http://www.usfirst.org/roboticsprograms/frc/travel-discounts",33171,47.912435,-97.052752,,,,,
"Greater Kansas City Regional","Greater Kansas City Regional","MOKC",247,"Regional","Regional","FRC","Metropolitan Community College - Business and Technology Campus","Metropolitan Community College - Business and Technology Campus","Metropolitan Community College - Business and Technology Campus","MO","USA","Kansas City","1775 Universal Avenue",,"2018-03-17T00:00:00","2018-03-14T00:00:00","64120",2018,48,"http://www.kcfirst.org",true,"FRC","FIRST Robotics Competition",true,3,"US",24,"USD","http://www.usfirst.org/roboticsprograms/frc/travel-discounts",27883,39.12391,-94.5372,"",,"","",""
"Greater Pittsburgh Regional","Greater Pittsburgh Regional","PACA",247,"Regional","Regional","FRC","Convocation Center at","Convocation Center at","Convocation Center at","PA","USA","California","California University of Pennsylvania ","Riverview Drive","2018-03-24T00:00:00","2018-03-21T00:00:00","15419",2018,54,"http://www.pittsburghfirst.org",true,"FRC","FIRST Robotics Competition",true,3,"US",29,"USD","http://www.usfirst.org/roboticsprograms/frc/travel-discounts",27873,40.063892,-79.894161,"",,"","",""
"Hawaii Regional","Hawaii Regional","HIHO",247,"Regional","Regional","FRC","University of Hawaii at Manoa","University of Hawaii at Manoa","University of Hawaii at Manoa","HI","USA","Honolulu","Stan Sheriff Center",,"2018-03-24T00:00:00","2018-03-21T00:00:00","96822",2018,40,"http://www.friendsofhawaiirobotics.org",true,"FRC","FIRST Robotics Competition",true,3,"US",22,"USD","http://www.usfirst.org/roboticsprograms/frc/travel-discounts",27923,21.312545,-157.821044,"",,"","",
"Heartland Regional","Heartland Regional","MOKC2",247,"Regional","Regional","FRC","Metropolitan Community College - Business and Technology Campus","Metropolitan Community College - Business and Technology Campus","Metropolitan Community College - Business and Technology Campus","MO","USA","Kansas City","1775 Universal Avenue",,"2018-03-11T00:00:00","2018-03-08T00:00:00","64120",2018,48,"http://www.kcfirst.org",true,"FRC","FIRST Robotics Competition",true,3,"US",19,"USD","http://www.usfirst.org/roboticsprograms/frc/travel-discounts",33111,39.12391,-94.5372,,,,,
"NE District Pine Tree Event","NE District Pine Tree Event","MELEW",247,"Qualifying Event","District Event","FRC","Androscoggin Bank Colisee","Androscoggin Bank Colisee","Androscoggin Bank Colisee","ME","USA","Lewiston","190 Birch Street",,"2018-03-24T00:00:00","2018-03-22T00:00:00","04240",2018,40,"http://www.nefirst.org/",true,"FRC","FIRST Robotics Competition",true,200,"US",28,"USD","http://www.usfirst.org/roboticsprograms/frc/travel-discounts",27925,44.097005,-70.186774,"",,"","",
"NE District Rhode Island Event","NE District Rhode Island Event","RISMI",247,"Qualifying Event","District Event","FRC","Bryant University","Bryant University","Bryant University","RI","USA","Smithfield","1150 Douglas Pike",,"2018-03-25T00:00:00","2018-03-23T00:00:00","02917",2018,40,"http://www.nefirst.org/",true,"FRC","FIRST Robotics Competition",true,200,"US",30,"USD","http://www.usfirst.org/roboticsprograms/frc/travel-discounts",27893,41.85516,-71.49222,"",,"","",
"NE District SE Mass Event","NE District SE Mass Event","MABRI",247,"Qualifying Event","District Event","FRC","Bridgewater-Raynham High School","Bridgewater-Raynham High School","Bridgewater-Raynham High School","MA","USA","Bridgewater","415 Center Street",,"2018-03-11T00:00:00","2018-03-09T00:00:00","02324",2018,40,"http://www.nefirst.org/",true,"FRC","FIRST Robotics Competition",true,200,"US",23,"USD","http://www.usfirst.org/roboticsprograms/frc/travel-discounts",28109,41.981411,-70.974124,,,,,
"NE District Southern CT Event","NE District Southern CT Event","CTSCT",247,"Qualifying Event","District Event","FRC","Fairfield University","Fairfield University","Fairfield University","CT","USA","Fairfield","1073 N Benson Road",,"2018-03-18T00:00:00","2018-03-16T00:00:00","06824",2018,40,"http://www.nefirst.org/",true,"FRC","FIRST Robotics Competition",true,200,"US",31,"USD","http://www.usfirst.org/roboticsprograms/frc/travel-discounts",33049,41.168961,-73.26513,,,,,
"NE District UNH Event","NE District UNH Event","NHDUR",247,"Qualifying Event","District Event","FRC","UNH Whittemore Center","UNH Whittemore Center","UNH Whittemore Center","NH","USA","Durham","128 Main Street",,"2018-03-31T00:00:00","2018-03-29T00:00:00","03824",2018,40,"http://www.nefirst.org/",true,"FRC","FIRST Robotics Competition",true,200,"US",23,"USD","http://www.usfirst.org/roboticsprograms/frc/travel-discounts",28111,43.1304,-70.9767,,,,,
"NE District Waterbury Event","NE District Waterbury Event","CTWAT",247,"Qualifying Event","District Event","FRC","Wilby High School","Wilby High School","Wilby High School","CT","USA","Waterbury","460 Buck Hill Road",,"2018-03-11T00:00:00","2018-03-09T00:00:00","06704",2018,40,"http://www.nefirst.org/",true,"FRC","FIRST Robotics Competition",true,200,"US",26,"USD","http://www.usfirst.org/roboticsprograms/frc/travel-discounts",28003,41.578898,-73.032746,,,"","",
"NE District Worcester Polytechnic Institute Event","NE District Worcester Polytechnic Institute Event","MAWOR",247,"Qualifying Event","District Event","FRC","WPI Harrington Auditorium ","WPI Harrington Auditorium ","WPI Harrington Auditorium ","MA","USA","Worcester","100 Institute Road",,"2018-03-03T00:00:00","2018-03-01T00:00:00","01609",2018,40,"http://www.nefirst.org/",true,"FRC","FIRST Robotics Competition",true,200,"US",5,"USD","http://www.usfirst.org/roboticsprograms/frc/travel-discounts",27949,42.276415,-71.819491,"",,"","",
"New England District Championship","New England District Championship","NECMP",247,"Qualifying Championship","District Championship","FRC","Boston University - Agganis Arena","Boston University - Agganis Arena","Boston University - Agganis Arena","MA","USA","Boston","925 Commonwealth Avenue",,"2018-04-14T00:00:00","2018-04-11T00:00:00","02215",2018,64,"http://www.nefirst.org/",true,"FRC","FIRST Robotics Competition",true,100,"US",64,"USD","http://www.usfirst.org/roboticsprograms/frc/travel-discounts",27969,42.344927,-71.101619,"",,"","",
"New York City Regional","New York City Regional","NYNY",247,"Regional","Regional","FRC","The Armory Track & Field Center","The Armory Track & Field Center","The Armory Track & Field Center","NY","USA","New York","216 Fort Washington Avenue",,"2018-04-08T00:00:00","2018-04-05T00:00:00","10032",2018,48,"http://www.nycfirst.org",true,"FRC","FIRST Robotics Competition",true,3,"US",8,"USD","http://www.usfirst.org/roboticsprograms/frc/travel-discounts",27887,40.83668,-73.939944,"",,"","",""
"New York Tech Valley Regional","New York Tech Valley Regional","NYTR",247,"Regional","Regional","FRC","Rensselaer Polytechnic Institute","Rensselaer Polytechnic Institute","Rensselaer Polytechnic Institute","NY","USA","Troy","ECAV Arena","80 Peoples Drive","2018-03-17T00:00:00","2018-03-14T00:00:00","12180",2018,36,"http://www.techvalleyfirst.org",true,"FRC","FIRST Robotics Competition",true,3,"US",13,"USD","http://www.usfirst.org/roboticsprograms/frc/travel-discounts",28005,42.744,-73.60512,,,"","",""
"Northern Lights Regional","Northern Lights Regional","MNDU2",247,"Regional","Regional","FRC","DECC Arena/Edmund Fitzgerald Exhibit Hall","DECC Arena/Edmund Fitzgerald Exhibit Hall","DECC Arena/Edmund Fitzgerald Exhibit Hall","MN","USA","Duluth","Duluth Entertainment Convention Center","350 Harbor Drive","2018-03-10T00:00:00","2018-03-07T00:00:00","55802",2018,60,"http://www.mnfirst.org",true,"FRC","FIRST Robotics Competition",true,3,"US",21,"USD","http://www.usfirst.org/roboticsprograms/frc/travel-discounts",27983,46.767393,-92.11547,,,"","","lfshimizu@gmail.com"
"ONT District Durham College Event","ONT District Durham College Event","ONOSH",247,"Qualifying Event","District Event","FRC","Durham College","Durham College","Durham College","ON","Canada","Oshawa","Campus Wellness & Recreation Center","2000 Simcoe Street North","2018-03-04T00:00:00","2018-03-02T00:00:00","L1H 7K4",2018,38,"http://www.firstroboticscanada.org/events/category/frc/list/",true,"FRC","FIRST Robotics Competition",true,200,"CA",11,"USD","http://www.usfirst.org/roboticsprograms/frc/travel-discounts",28091,43.93189,-78.9107,,,,,
"ONT District Georgian College Event","ONT District Georgian College Event","ONBAR",247,"Qualifying Event","District Event","FRC","Georgian College - Athletic and Fitness / Student Life Centre","Georgian College - Athletic and Fitness / Student Life Centre","Georgian College - Athletic and Fitness / Student Life Centre","ON","Canada","Barrie","1 Georgian Drive",,"2018-03-04T00:00:00","2018-03-02T00:00:00","L4M 3X9",2018,28,"http://www.firstroboticscanada.org/events/category/frc/list/",true,"FRC","FIRST Robotics Competition",true,200,"CA",12,"USD","http://www.usfirst.org/roboticsprograms/frc/travel-discounts",28093,44.390484,-79.685682,,,,,
"ONT District McMaster University Event","ONT District McMaster University Event","ONHAM",247,"Qualifying Event","District Event","FRC","McMaster University","McMaster University","McMaster University","ON","Canada","Hamilton","1280 Main Street West",,"2018-04-08T00:00:00","2018-04-06T00:00:00","L8S 4K1",2018,38,"http://www.firstroboticscanada.org/events/category/frc/list/",true,"FRC","FIRST Robotics Competition",true,200,"CA",19,"USD","http://www.usfirst.org/roboticsprograms/frc/travel-discounts",28097,43.257926,-79.918986,,,,,
"ONT District North Bay Event","ONT District North Bay Event","ONNOB",247,"Qualifying Event","District Event","FRC","Nipissing University","Nipissing University","Nipissing University","ON","Canada","North Bay","Robert J. Surtees Athletic Centre","100 College Drive","2018-03-31T00:00:00","2018-03-29T00:00:00","P1B 8K9",2018,36,"http://www.firstroboticscanada.org/events/category/frc/list/",true,"FRC","FIRST Robotics Competition",true,200,"CA",32,"USD","http://www.usfirst.org/roboticsprograms/frc/travel-discounts",27999,46.311308,-79.461959,,,,,
"ONT District Ryerson University Event","ONT District Ryerson University Event","ONTO1",247,"Qualifying Event","District Event","FRC","Ryerson University","Ryerson University","Ryerson University","ON","Canada","Toronto","Mattamy Athletic Centre","50 Carlton Street","2018-03-17T00:00:00","2018-03-15T00:00:00","M5B 1J2",2018,38,"http://www.firstroboticscanada.org/events/category/frc/list/",true,"FRC","FIRST Robotics Competition",true,200,"CA",17,"USD","http://www.usfirst.org/roboticsprograms/frc/travel-discounts",27907,43.66156,-79.381227,"",,"","",
"ONT District University of Waterloo Event","ONT District University of Waterloo Event","ONWAT",247,"Qualifying Event","District Event","FRC","University of Waterloo","University of Waterloo","University of Waterloo","ON","Canada","Waterloo","Physical Activities Complex","200 University Avenue West","2018-03-24T00:00:00","2018-03-22T00:00:00","N2L 3G1",2018,32,"http://www.firstroboticscanada.org/events/category/frc/list/",true,"FRC","FIRST Robotics Competition",true,200,"CA",16,"USD","http://www.usfirst.org/roboticsprograms/frc/travel-discounts",27901,43.46629,-80.54016,"",,"","",
"ONT District Western University, Engineering Event","ONT District Western University, Engineering Event","ONLON",247,"Qualifying Event","District Event","FRC","Western University","Western University","Western University","ON","Canada","London","Thompson Recreation and Athletic Centre (TRAC)","Western Road & Sarnia Road","2018-04-08T00:00:00","2018-04-06T00:00:00","N6A 5B9",2018,38,"http://www.firstroboticscanada.org/events/category/frc/list/",true,"FRC","FIRST Robotics Competition",true,200,"CA",21,"USD","http://www.usfirst.org/roboticsprograms/frc/travel-discounts",28095,43.008774,-81.2611,,,,,
"ONT District Windsor Essex Great Lakes Event","ONT District Windsor Essex Great Lakes Event","ONWIN",247,"Qualifying Event","District Event","FRC","University of Windsor","University of Windsor","University of Windsor","ON","Canada","Windsor","St. Denis Centre","2555 College Avenue","2018-03-31T00:00:00","2018-03-29T00:00:00","N9B 3P4",2018,38,"http://www.firstroboticscanada.org/events/category/frc/list/",true,"FRC","FIRST Robotics Competition",true,200,"CA",25,"USD","http://www.usfirst.org/roboticsprograms/frc/travel-discounts",28025,42.30565,-83.06569,,,,,
"ONT District York University Event","ONT District York University Event","ONNYO",247,"Qualifying Event","District Event","FRC","York University","York University","York University","ON","Canada","North York","Tait McKenzie Centre","1 Thompson Rd","2018-03-25T00:00:00","2018-03-23T00:00:00","M3J 1P3",2018,36,"http://www.firstroboticscanada.org/events/category/frc/list/",true,"FRC","FIRST Robotics Competition",true,200,"CA",17,"USD","http://www.usfirst.org/roboticsprograms/frc/travel-discounts",27959,43.77676,-79.49459,"",,"","",
"Dallas Regional","Dallas Regional","TXDA",247,"Regional","Regional","FRC","Irving Convention Center","Irving Convention Center","Irving Convention Center","TX","USA","Irving","500 West Las Colinas Boulevard  ",,"2018-03-04T00:00:00","2018-03-01T00:00:00","75039",2018,48,"http://www.DallasFRC.org/",true,"FRC","FIRST Robotics Competition",true,3,"US",9,"USD","http://www.usfirst.org/roboticsprograms/frc/travel-discounts",27933,32.888686,-96.943428,"",,"","",
"El Paso Regional","El Paso Regional","TXEL",247,"Regional","Regional","FRC","Judson F. Williams Convention Center","Judson F. Williams Convention Center","Judson F. Williams Convention Center","TX","USA","El Paso","One Civic Center Plaza",,"2018-03-31T00:00:00","2018-03-28T00:00:00","79901",2018,40,"http://firstintexas.org/regions/alamo-region/brazos-valley-frc-regional/",true,"FRC","FIRST Robotics Competition",true,3,"US",33,"USD","http://www.usfirst.org/roboticsprograms/frc/travel-discounts",28133,31.760394,-106.487292,,,,,
"FIM District Alpena Event","FIM District Alpena Event","MIALP",247,"Qualifying Event","District Event","FRC","Alpena High School","Alpena High School","Alpena High School","MI","USA","Alpena","3303 S 3rd Avenue",,"2018-04-07T00:00:00","2018-04-05T00:00:00","49707",2018,40,"http://www.firstinmichigan.org",true,"FRC","FIRST Robotics Competition",true,200,"US",32,"USD","http://www.usfirst.org/roboticsprograms/frc/travel-discounts",33161,45.075555,-83.478059,,,,,
"FIM District Belleville Event","FIM District Belleville Event","MIBEL",247,"Qualifying Event","District Event","FRC","Belleville High School","Belleville High School","Belleville High School","MI","USA","Belleville","501 W Columbia Avenue",,"2018-03-24T00:00:00","2018-03-22T00:00:00","48111",2018,40,"http://www.firstinmichigan.org",true,"FRC","FIRST Robotics Competition",true,200,"US",33,"USD","http://www.usfirst.org/roboticsprograms/frc/travel-discounts",27989,42.174217,-83.489647,,,"","",""
"FIM District Center Line Event","FIM District Center Line Event","MICEN",247,"Qualifying Event","District Event","FRC","Center Line High School","Center Line High School","Center Line High School","MI","USA","Center Line","26300 Arsenal",,"2018-03-10T00:00:00","2018-03-08T00:00:00","48015",2018,40,"http://www.firstinmichigan.org",true,"FRC","FIRST Robotics Competition",true,200,"US",14,"USD","http://www.usfirst.org/roboticsprograms/frc/travel-discounts",27943,42.480245,-83.025107,"",,"","",
"FIM District East Kentwood Event","FIM District East Kentwood Event","MIKEN",247,"Qualifying Event","District Event","FRC","East Kentwood High School","East Kentwood High School","East Kentwood High School","MI","USA","Kentwood","6230 Kalamazoo Avenue SE",,"2018-03-31T00:00:00","2018-03-29T00:00:00","49508",2018,40,"http://www.firstinmichigan.org",true,"FRC","FIRST Robotics Competition",true,200,"US",23,"USD","http://www.usfirst.org/roboticsprograms/frc/travel-discounts",28051,42.873625,-85.625143,,,"","",
"FIM District Escanaba Event","FIM District Escanaba Event","MIESC",247,"Qualifying Event","District Event","FRC","Escanaba High School","Escanaba High School","Escanaba High School","MI","USA","Escanaba","500 S. Lincoln Road",,"2018-03-17T00:00:00","2018-03-15T00:00:00","49829",2018,40,"http://www.firstinmichigan.org",true,"FRC","FIRST Robotics Competition",true,200,"US",20,"USD","http://www.usfirst.org/roboticsprograms/frc/travel-discounts",28031,45.749678,-87.096833,,,"","",
"FIM District Gibraltar Event","FIM District Gibraltar Event","MIGIB",247,"Qualifying Event","District Event","FRC","Carlson High School","Carlson High School","Carlson High School","MI","USA","Gibraltar","30550 W Jefferson Avenue",,"2018-03-03T00:00:00","2018-03-01T00:00:00","48173",2018,40,"http://www.firstinmichigan.org",true,"FRC","FIRST Robotics Competition",true,200,"US",29,"USD","http://www.usfirst.org/roboticsprograms/frc/travel-discounts",33147,42.073111,-83.223109,,,,,
"FIM District Gull Lake Event","FIM District Gull Lake Event","MIGUL",247,"Qualifying Event","District Event","FRC","Gull Lake High School","Gull Lake High School","Gull Lake High School","MI","USA","Richland","7753 N. 34th Street",,"2018-03-17T00:00:00","2018-03-15T00:00:00","49083",2018,40,"http://www.firstinmichigan.org/",true,"FRC","FIRST Robotics Competition",true,200,"US",25,"USD","http://www.usfirst.org/roboticsprograms/frc/travel-discounts",28105,42.376617,-85.447312,,,,,
"FIM District Kettering University Event #1","FIM District Kettering University Event #1","MIKET",247,"Qualifying Event","District Event","FRC","Kettering University","Kettering University","Kettering University","MI","USA","Flint","Recreation Center","1700 University Avenue","2018-03-03T00:00:00","2018-03-01T00:00:00","48504",2018,40,"http://www.firstinmichigan.org",true,"FRC","FIRST Robotics Competition",true,200,"US",17,"USD","http://www.usfirst.org/roboticsprograms/frc/travel-discounts",27941,43.035862,-83.74276,"",,"","",
"FIM District Kettering University Event #2","FIM District Kettering University Event #2","MIKE2",247,"Qualifying Event","District Event","FRC","Kettering University","Kettering University","Kettering University","MI","USA","Flint","Recreation Center","1700 University Avenue","2018-03-10T00:00:00","2018-03-08T00:00:00","48504",2018,40,"http://www.firstinmichigan.org",true,"FRC","FIRST Robotics Competition",true,200,"US",23,"USD","http://www.usfirst.org/roboticsprograms/frc/travel-discounts",28081,43.035862,-83.74276,,,"","",
"FIM District Lake Superior State University Event","FIM District Lake Superior State University Event","MILSU",247,"Qualifying Event","District Event","FRC","Lake Superior State University","Lake Superior State University","Lake Superior State University","MI","USA","Sault Ste. Marie","650 W. Easterday Avenue",,"2018-04-07T00:00:00","2018-04-05T00:00:00","49783",2018,40,"http://www.firstinmichigan.org",true,"FRC","FIRST Robotics Competition",true,200,"US",32,"USD","http://www.usfirst.org/roboticsprograms/frc/travel-discounts",28085,46.478524,-84.355204,,,"","",
"FIM District Lakeview Event","FIM District Lakeview Event","MILAK",247,"Qualifying Event","District Event","FRC","Lakeview High School","Lakeview High School","Lakeview High School","MI","USA","Battle Creek","15060 Helmer Rd S",,"2018-04-07T00:00:00","2018-04-05T00:00:00","49015",2018,40,"http://www.firstinmichigan.org",true,"FRC","FIRST Robotics Competition",true,200,"US",32,"USD","http://www.usfirst.org/roboticsprograms/frc/travel-discounts",28083,42.30102,-85.2291,,,"","",
"FIM District Lansing Event","FIM District Lansing Event","MILAN",247,"Qualifying Event","District Event","FRC","Mason High School","Mason High School","Mason High School","MI","USA","Mason","1001 S. Barns Street",,"2018-03-24T00:00:00","2018-03-22T00:00:00","48854",2018,40,"http://www.firstinmichigan.org",true,"FRC","FIRST Robotics Competition",true,200,"US",20,"USD","http://www.usfirst.org/roboticsprograms/frc/travel-discounts",28037,42.584076,-84.437704,,,"","",
"FIM District Lincoln Event","FIM District Lincoln Event","MILIN",247,"Qualifying Event","District Event","FRC","Lincoln High School","Lincoln High School","Lincoln High School","MI","USA","Ypsilanti","7425 Willis Road",,"2018-03-17T00:00:00","2018-03-15T00:00:00","48197",2018,40,"http://www.firstinmichigan.org",true,"FRC","FIRST Robotics Competition",true,200,"US",20,"USD","http://www.usfirst.org/roboticsprograms/frc/travel-discounts",33177,42.233132,-83.623767,,,,,
"FIM District Livonia Event","FIM District Livonia Event","MILIV",247,"Qualifying Event","District Event","FRC","Churchill High School","Churchill High School","Churchill High School","MI","USA","Livonia","8900 Newburgh Road",,"2018-03-31T00:00:00","2018-03-29T00:00:00","48150",2018,40,"http://www.firstinmichigan.org",true,"FRC","FIRST Robotics Competition",true,200,"US",26,"USD","http://www.usfirst.org/roboticsprograms/frc/travel-discounts",27963,42.366557,-83.370612,"",,"","",
"FIM District Marysville Event","FIM District Marysville Event","MIMAR",247,"Qualifying Event","District Event","FRC","Marysville High School","Marysville High School","Marysville High School","MI","USA","Marysville","555 E. Huron Blvd.",,"2018-04-07T00:00:00","2018-04-05T00:00:00","48040",2018,40,"http://www.firstinmichigan.org",true,"FRC","FIRST Robotics Competition",true,200,"US",30,"USD","http://www.usfirst.org/roboticsprograms/frc/travel-discounts",27997,42.914675,-82.480996,,,"","",
"FIM District Midland Event","FIM District Midland Event","MIMID",247,"Qualifying Event","District Event","FRC","H.H. Dow High School","H.H. Dow High School","H.H. Dow High School","MI","USA","Midland","3901 N. Saginaw Road",,"2018-03-24T00:00:00","2018-03-22T00:00:00","48640",2018,40,"http://www.firstinmichigan.org",true,"FRC","FIRST Robotics Competition",true,200,"US",7,"USD","http://www.usfirst.org/roboticsprograms/frc/travel-discounts",28033,43.630483,-84.274746,,,"","",
"FIM District Milford Event","FIM District Milford Event","MIMIL",247,"Qualifying Event","District Event","FRC","Milford High School","Milford High School","Milford High School","MI","USA","Milford","2380 S Milford Road",,"2018-03-17T00:00:00","2018-03-15T00:00:00","48357",2018,40,"http://www.firstinmichigan.org",true,"FRC","FIRST Robotics Competition",true,200,"US",28,"USD","http://www.usfirst.org/roboticsprograms/frc/travel-discounts",33149,42.656319,-83.63633,,,,,
"FIM District Shepherd Event","FIM District Shepherd Event","MISHE",247,"Qualifying Event","District Event","FRC","Shepherd High School","Shepherd High School","Shepherd High School","MI","USA","Shepherd","100 E Hall Street",,"2018-03-31T00:00:00","2018-03-29T00:00:00","48883",2018,40,"http://www.firstinmichigan.org",true,"FRC","FIRST Robotics Competition",true,200,"US",33,"USD","http://www.usfirst.org/roboticsprograms/frc/travel-discounts",28141,43.52386,-84.731401,,,,,
"Hub City Regional","Hub City Regional","TXLU",247,"Regional","Regional","FRC","South Plains Fairgrounds","South Plains Fairgrounds","South Plains Fairgrounds","TX","USA","Lubbock","1012 Avenue A",,"2018-03-10T00:00:00","2018-03-07T00:00:00","79401",2018,50,"http://hubcityregional.com",true,"FRC","FIRST Robotics Competition",true,3,"US",37,"USD","http://www.usfirst.org/roboticsprograms/frc/travel-discounts",27993,33.584601,-101.846676,,,,,
"Hudson Valley Regional","Hudson Valley Regional","NYSU",247,"Regional","Regional","FRC","Rockland Community College - Athletic Center","Rockland Community College - Athletic Center","Rockland Community College - Athletic Center","NY","USA","Suffern","145 College Road",,"2018-03-25T00:00:00","2018-03-22T00:00:00","10901",2018,48,"http://www.nycfirst.org",true,"FRC","FIRST Robotics Competition",true,3,"US",25,"USD","http://www.usfirst.org/roboticsprograms/frc/travel-discounts",28131,41.127671,-74.111934,,,,,
"IN District Plainfield Event","IN District Plainfield Event","INPLA",247,"Qualifying Event","District Event","FRC","Plainfield High School","Plainfield High School","Plainfield High School","IN","USA","Plainfield","1 Red Pride Drive",,"2018-03-25T00:00:00","2018-03-23T00:00:00","46168",2018,38,"http://www.indianafirst.org",true,"FRC","FIRST Robotics Competition",true,200,"US",19,"USD","http://www.usfirst.org/roboticsprograms/frc/travel-discounts",28041,39.709427,-86.395053,,,"","",
"IN District St. Joseph Event","IN District St. Joseph Event","INMIS",247,"Qualifying Event","District Event","FRC","Penn High School","Penn High School","Penn High School","IN","USA","Mishawaka","56100 N Bittersweet Road",,"2018-03-11T00:00:00","2018-03-09T00:00:00","46545",2018,38,"http://www.indianafirst.org",true,"FRC","FIRST Robotics Competition",true,200,"US",20,"USD","http://www.usfirst.org/roboticsprograms/frc/travel-discounts",28039,41.680563,-86.160151,,,"","",
"IN District Tippecanoe Event","IN District Tippecanoe Event","INWLA",247,"Qualifying Event","District Event","FRC","William Henry Harrison High School","William Henry Harrison High School","William Henry Harrison High School","IN","USA","West Lafayette","5701 N 50 W",,"2018-03-31T00:00:00","2018-03-29T00:00:00","47906",2018,36,"http://www.indianafirst.org",true,"FRC","FIRST Robotics Competition",true,200,"US",26,"USD","http://www.usfirst.org/roboticsprograms/frc/travel-discounts",27877,40.495856,-86.96718,"",,"","",""
"ISR District Event #1","ISR District Event #1","ISDE1",247,"Qualifying Event","District Event","FRC","Drive In Arena / Sholomo Group Arena","Drive In Arena / Sholomo Group Arena","Drive In Arena / Sholomo Group Arena","TA","Israel","Tel Aviv-Yafo","Isaac Remba St 7",,"2018-03-06T00:00:00","2018-03-05T00:00:00","00000",2018,35,"http://firstisrael.org.il",true,"FRC","FIRST Robotics Competition",true,200,"IL",0,"USD","http://www.usfirst.org/roboticsprograms/frc/travel-discounts",28119,0,0,,,,,
"ISR District Event #2","ISR District Event #2","ISDE2",247,"Qualifying Event","District Event","FRC","Drive In Arena / Sholomo Group Arena","Drive In Arena / Sholomo Group Arena","Drive In Arena / Sholomo Group Arena","TA","Israel","Tel Aviv-Yafo","Isaac Remba St 7",,"2018-03-08T00:00:00","2018-03-07T00:00:00","00000",2018,35,"http://firstisrael.org.il",true,"FRC","FIRST Robotics Competition",true,200,"IL",24,"USD","http://www.usfirst.org/roboticsprograms/frc/travel-discounts",28121,0,0,,,,,
"ISR District Event #3","ISR District Event #3","ISDE3",247,"Qualifying Event","District Event","FRC","TBD","TBD","TBD","HA","Israel","Haifa","TBD",,"2018-03-13T00:00:00","2018-03-12T00:00:00","00000",2018,35,"http://firstisrael.org.il",true,"FRC","FIRST Robotics Competition",true,200,"IL",33,"USD","http://www.usfirst.org/roboticsprograms/frc/travel-discounts",28123,0,0,,,,,
"ISR District Event #4","ISR District Event #4","ISDE4",247,"Qualifying Event","District Event","FRC","TBD","TBD","TBD","HA","Israel","Haifa","TBD",,"2018-03-15T00:00:00","2018-03-14T00:00:00","00000",2018,35,"http://firstisrael.org.il",true,"FRC","FIRST Robotics Competition",true,200,"IL",31,"USD","http://www.usfirst.org/roboticsprograms/frc/travel-discounts",28125,0,0,,,,,
"Idaho Regional","Idaho Regional","IDBO",247,"Regional","Regional","FRC","Boise State University at Taco Bell Arena","Boise State University at Taco Bell Arena","Boise State University at Taco Bell Arena","ID","USA","Boise","1401 Bronco Lane",,"2018-03-31T00:00:00","2018-03-28T00:00:00","83725",2018,38,,true,"FRC","FIRST Robotics Competition",true,3,"US",26,"USD","http://www.usfirst.org/roboticsprograms/frc/travel-discounts",28079,43.605516,-116.19918,,,,,
"Indiana State Championship","Indiana State Championship","INCMP",247,"Qualifying Championship","District Championship","FRC","Kokomo Memorial Gymnasium","Kokomo Memorial Gymnasium","Kokomo Memorial Gymnasium","IN","USA","Kokomo","5 E Superior Street",,"2018-04-14T00:00:00","2018-04-12T00:00:00","46901",2018,32,"http://www.indianafirst.org",true,"FRC","FIRST Robotics Competition",true,100,"US",32,"USD","http://www.usfirst.org/roboticsprograms/frc/travel-discounts",28043,40.490485,-86.147278,,,"","",
"Iowa Regional","Iowa Regional","IACF",247,"Regional","Regional","FRC","McLeod Center/UNI Dome","McLeod Center/UNI Dome","McLeod Center/UNI Dome","IA","USA","Cedar Falls","2501 Hudson Road",,"2018-03-24T00:00:00","2018-03-21T00:00:00","50614",2018,63,"http://iafirst.org/",true,"FRC","FIRST Robotics Competition",true,3,"US",34,"USD","http://www.usfirst.org/roboticsprograms/frc/travel-discounts",28045,42.509279,-92.460752,,,"","",
"Istanbul Regional","Istanbul Regional","TUIS",247,"Regional","Regional","FRC","Ulker Spor Ve Etkinlik Salonu","Ulker Spor Ve Etkinlik Salonu","Ulker Spor Ve Etkinlik Salonu","34","Turkey","Bari Atasehir","Barbaros Mah., Ihlamur Sk.",,"2018-03-12T00:00:00","2018-03-09T00:00:00","34746",2018,55,"http://www.fikretyukselfoundation.org/",true,"FRC","FIRST Robotics Competition",true,3,"TR",35,"USD","http://www.usfirst.org/roboticsprograms/frc/travel-discounts",32877,39.9844,34.1812,,,,,
"Laguna Regional","Laguna Regional","MXTO",247,"Regional","Regional","FRC","ITESM Campus Laguna - Santiago Garza de la Mora","ITESM Campus Laguna - Santiago Garza de la Mora","ITESM Campus Laguna - Santiago Garza de la Mora","COA","Mexico","Torreon","Paseo del Tecnologico #751",,"2018-03-24T00:00:00","2018-03-21T00:00:00","27250",2018,48,"http://www.firstlagunaregional.com.mx/",true,"FRC","FIRST Robotics Competition",true,3,"MX",33,"USD","http://www.usfirst.org/roboticsprograms/frc/travel-discounts",28115,15.709,-92.7076,,,,,
"Lake Superior Regional","Lake Superior Regional","MNDU",247,"Regional","Regional","FRC","DECC Arena/South Pioneer Hall","DECC Arena/South Pioneer Hall","DECC Arena/South Pioneer Hall","MN","USA","Duluth","Duluth Entertainment Convention Center","350 Harbor Drive","2018-03-10T00:00:00","2018-03-07T00:00:00","55802",2018,63,"http://www.mnfirst.org",true,"FRC","FIRST Robotics Competition",true,3,"US",22,"USD","http://www.usfirst.org/roboticsprograms/frc/travel-discounts",27955,46.767393,-92.11547,"",,"","","lfshimizu@gmail.com"
"Las Vegas Regional","Las Vegas Regional","NVLV",247,"Regional","Regional","FRC","Thomas & Mack Center","Thomas & Mack Center","Thomas & Mack Center","NV","USA","Las Vegas","4505 S. Maryland Parkway",,"2018-03-24T00:00:00","2018-03-21T00:00:00","89154",2018,45,"http://www.firstnevada.org",true,"FRC","FIRST Robotics Competition",true,3,"US",35,"USD","http://www.usfirst.org/roboticsprograms/frc/travel-discounts",27911,36.086541,-115.146079,"",,"","",""
"Lone Star Central Regional","Lone Star Central Regional","TXHO",247,"Regional","Regional","FRC","Strake Jesuit College Preparatory","Strake Jesuit College Preparatory","Strake Jesuit College Preparatory","TX","USA","Houston","8900 Bellaire Blvd",,"2018-03-17T00:00:00","2018-03-14T00:00:00","77036",2018,44,"http://houston.txfirst.org",true,"FRC","FIRST Robotics Competition",true,3,"US",29,"USD","http://www.usfirst.org/roboticsprograms/frc/travel-discounts",27913,29.701008,-95.536659,"",,"Lucia","Sevcik","lsevcik810@aol.com"
"Lone Star South Regional","Lone Star South Regional","TXPA",247,"Regional","Regional","FRC","San Jacinto Community College","San Jacinto Community College","San Jacinto Community College","TX","USA","Pasadena","8060 Spencer Highway",,"2018-04-07T00:00:00","2018-04-04T00:00:00","77505",2018,30,"http://houston.txfirst.org",true,"FRC","FIRST Robotics Competition",true,3,"US",17,"USD","http://www.usfirst.org/roboticsprograms/frc/travel-discounts",28135,29.654184,-95.149733,,,,,
"Los Angeles Regional","Los Angeles Regional","CAPO",247,"Regional","Regional","FRC","Fairplex","Fairplex","Fairplex","CA","USA","Pomona","1101 W. McKinley Avenue",,"2018-03-17T00:00:00","2018-03-14T00:00:00","91768",2018,54,"http://www.firstlaregional.com",true,"FRC","FIRST Robotics Competition",true,3,"US",12,"USD","http://www.usfirst.org/roboticsprograms/frc/travel-discounts",27871,34.068677,-117.774134,"",,"","",
"MAR District Bridgewater-Raritan Event","MAR District Bridgewater-Raritan Event","NJBRI",247,"Qualifying Event","District Event","FRC","Bridgewater-Raritan High School","Bridgewater-Raritan High School","Bridgewater-Raritan High School","NJ","USA","Bridgewater","600 Garretson Road",,"2018-03-18T00:00:00","2018-03-16T00:00:00","08807",2018,38,"http://www.midatlanticrobotics.com/",true,"FRC","FIRST Robotics Competition",true,200,"US",20,"USD","http://www.usfirst.org/roboticsprograms/frc/travel-discounts",27977,40.593164,-74.619513,"",,"","",
"MAR District Hatboro-Horsham Event","MAR District Hatboro-Horsham Event","PAHAT",247,"Qualifying Event","District Event","FRC","Hatboro-Horsham High School","Hatboro-Horsham High School","Hatboro-Horsham High School","PA","USA","Horsham","899 Horsham Road",,"2018-03-04T00:00:00","2018-03-02T00:00:00","19044",2018,38,"http://www.midatlanticrobotics.com/",true,"FRC","FIRST Robotics Competition",true,200,"US",10,"USD","http://www.usfirst.org/roboticsprograms/frc/travel-discounts",27975,40.182463,-75.150115,"",,"","",
"MAR District Montgomery Event","MAR District Montgomery Event","NJSKI",247,"Qualifying Event","District Event","FRC","Montgomery Township High School","Montgomery Township High School","Montgomery Township High School","NJ","USA","Skillman","1016 Route 601",,"2018-03-25T00:00:00","2018-03-23T00:00:00","08558",2018,38,"http://www.midatlanticrobotics.com/",true,"FRC","FIRST Robotics Competition",true,200,"US",32,"USD","http://www.usfirst.org/roboticsprograms/frc/travel-discounts",27855,40.416194,-74.695442,"",,"","",
"MAR District Mount Olive Event","MAR District Mount Olive Event","NJFLA",247,"Qualifying Event","District Event","FRC","Mount Olive High School","Mount Olive High School","Mount Olive High School","NJ","USA","Flanders","18 Corey Road",,"2018-03-11T00:00:00","2018-03-09T00:00:00","07836",2018,38,"http://www.midatlanticrobotics.com/",true,"FRC","FIRST Robotics Competition",true,200,"US",4,"USD","http://www.usfirst.org/roboticsprograms/frc/travel-discounts",27979,40.853244,-74.708204,"",,"","",
"MAR District Seneca Event","MAR District Seneca Event","NJTAB",247,"Qualifying Event","District Event","FRC","Seneca High School","Seneca High School","Seneca High School","NJ","USA","Tabernacle","110 Carranza Road",,"2018-03-25T00:00:00","2018-03-23T00:00:00","08088",2018,38,"http://www.midatlanticrobotics.com/",true,"FRC","FIRST Robotics Competition",true,200,"US",27,"USD","http://www.usfirst.org/roboticsprograms/frc/travel-discounts",27981,39.820757,-74.694484,"",,"","",
"MAR District Springside Chestnut Hill Academy Event","MAR District Springside Chestnut Hill Academy Event","PAPHI",247,"Qualifying Event","District Event","FRC","Springside Chestnut Hill Academy","Springside Chestnut Hill Academy","Springside Chestnut Hill Academy","PA","USA","Philadelphia","500 West Willow Grove Avenue",,"2018-03-18T00:00:00","2018-03-16T00:00:00","19118",2018,34,"http://www.midatlanticrobotics.com/",true,"FRC","FIRST Robotics Competition",true,200,"US",29,"USD","http://www.usfirst.org/roboticsprograms/frc/travel-discounts",27995,40.086847,-75.197968,,,"","",
"MAR District Westtown Event","MAR District Westtown Event","PAWCH",247,"Qualifying Event","District Event","FRC","Westtown School","Westtown School","Westtown School","PA","USA","West Chester","975 Westtown Road",,"2018-03-11T00:00:00","2018-03-09T00:00:00","19382",2018,38,"http://www.midatlanticrobotics.com",true,"FRC","FIRST Robotics Competition",true,200,"US",20,"USD","http://www.usfirst.org/roboticsprograms/frc/travel-discounts",28015,39.942544,-75.597966,,,"","",
"Miami Valley Regional","Miami Valley Regional","OHMV",247,"Regional","Regional","FRC","Wright State University","Wright State University","Wright State University","OH","USA","Dayton","Nutter Center","3640 Colonel Glenn Hwy","2018-03-03T00:00:00","2018-02-28T00:00:00","45435",2018,60,,true,"FRC","FIRST Robotics Competition",true,3,"US",27,"USD","http://www.usfirst.org/roboticsprograms/frc/travel-discounts",28137,39.766782,-84.085913,,,,,
"Michigan State Championship","Michigan State Championship","MICMP",247,"Qualifying Championship","District Championship","FRC","Saginaw Valley State University","Saginaw Valley State University","Saginaw Valley State University","MI","USA","University Center","Ryder Center","7400 Bay Road","2018-04-14T00:00:00","2018-04-11T00:00:00","48710",2018,160,"http://www.firstinmichigan.org",true,"FRC","FIRST Robotics Competition",true,100,"US",160,"USD","http://www.usfirst.org/roboticsprograms/frc/travel-discounts",27869,43.561826,-83.987515,"",,"","",
"Midwest Regional","Midwest Regional","ILCH",247,"Regional","Regional","FRC","UIC Pavilion ","UIC Pavilion ","UIC Pavilion ","IL","USA","Chicago","University of Illinois, Chicago","525 S. Racine Ave","2018-04-07T00:00:00","2018-04-04T00:00:00","60607",2018,54,"http://www.firstillinoisrobotics.org/frc/events/midwest-regional.html",true,"FRC","FIRST Robotics Competition",true,3,"US",23,"USD","http://www.usfirst.org/roboticsprograms/frc/travel-discounts",27885,41.87941,-87.650582,"",,"","",""
"Minnesota 10000 Lakes Regional","Minnesota 10000 Lakes Regional","MNMI",247,"Regional","Regional","FRC","Williams Arena/The Sports Pavilion Univ of MN","Williams Arena/The Sports Pavilion Univ of MN","Williams Arena/The Sports Pavilion Univ of MN","MN","USA","Minneapolis","1925 University Avenue SE",,"2018-03-31T00:00:00","2018-03-28T00:00:00","55455",2018,63,"http://www.mnfirst.org",true,"FRC","FIRST Robotics Competition",true,3,"US",23,"USD","http://www.usfirst.org/roboticsprograms/frc/travel-discounts",27929,44.972981,-93.237826,"",,"","","lfshimizu@gmail.com"
"Minnesota North Star Regional","Minnesota North Star Regional","MNMI2",247,"Regional","Regional","FRC","Mariucci Arena - University of Minnesota","Mariucci Arena - University of Minnesota","Mariucci Arena - University of Minnesota","MN","USA","Minneapolis","1901 4th Street SE",,"2018-03-31T00:00:00","2018-03-28T00:00:00","55455",2018,60,"http://www.mnfirst.org",true,"FRC","FIRST Robotics Competition",true,3,"US",27,"USD","http://www.usfirst.org/roboticsprograms/frc/travel-discounts",27935,44.972981,-93.237826,"",,"","","lfshimizu@gmail.com"
"Monterrey Regional","Monterrey Regional","MXMO",247,"Regional","Regional","FRC","ITESM Campus Monterrey - Gimnasio Deportivo","ITESM Campus Monterrey - Gimnasio Deportivo","ITESM Campus Monterrey - Gimnasio Deportivo","MEX","Mexico","Monterrey","Av. Eugenio Garza Sada 2501 Sur, Tecnologico",,"2018-03-03T00:00:00","2018-02-28T00:00:00","64849",2018,40,"",true,"FRC","FIRST Robotics Competition",true,3,"MX",12,"USD","http://www.usfirst.org/roboticsprograms/frc/travel-discounts",22467,24.7017,-100.7583,"",,"","",
"NC District Forsyth County Event","NC District Forsyth County Event","NCWIN",247,"Qualifying Event","District Event","FRC","Winston-Salem Fairgrounds - Annex","Winston-Salem Fairgrounds - Annex","Winston-Salem Fairgrounds - Annex","NC","USA","Winston-Salem","421 W 27th Street",,"2018-03-31T00:00:00","2018-03-29T00:00:00","27105",2018,34,"http://www.firstnorthcarolina.org/",true,"FRC","FIRST Robotics Competition",true,200,"US",21,"USD","http://www.usfirst.org/roboticsprograms/frc/travel-discounts",28067,36.150762,-80.234242,,,,,
"NC District Pitt County Event","NC District Pitt County Event","NCGRE",247,"Qualifying Event","District Event","FRC","Minges Coliseum at ECU","Minges Coliseum at ECU","Minges Coliseum at ECU","NC","USA","Greenville","200 Ficklen Drive",,"2018-03-11T00:00:00","2018-03-09T00:00:00","27858",2018,34,"http://www.firstnorthcarolina.org/",true,"FRC","FIRST Robotics Competition",true,200,"US",8,"USD","http://www.usfirst.org/roboticsprograms/frc/travel-discounts",28053,35.589407,-77.351275,,,,,
"NC District UNC Asheville Event","NC District UNC Asheville Event","NCASH",247,"Qualifying Event","District Event","FRC","UNC Asheville - Kimmel Arena","UNC Asheville - Kimmel Arena","UNC Asheville - Kimmel Arena","NC","USA","Asheville","227 Campus Drive",,"2018-03-25T00:00:00","2018-03-23T00:00:00","28804",2018,34,"http://www.firstnorthcarolina.org/",true,"FRC","FIRST Robotics Competition",true,200,"US",25,"USD","http://www.usfirst.org/roboticsprograms/frc/travel-discounts",28065,35.63743,-82.558381,,,,,
"NC District UNC Pembroke Event","NC District UNC Pembroke Event","NCPEM",247,"Qualifying Event","District Event","FRC","UNC Pembroke - Jones Health and Physical Education Center","UNC Pembroke - Jones Health and Physical Education Center","UNC Pembroke - Jones Health and Physical Education Center","NC","USA","Pembroke","1 University Drive",,"2018-03-18T00:00:00","2018-03-16T00:00:00","28372",2018,34,"http://www.firstnorthcarolina.org/",true,"FRC","FIRST Robotics Competition",true,200,"US",22,"USD","http://www.usfirst.org/roboticsprograms/frc/travel-discounts",27947,34.682421,-79.194731,"",,"","",""
"NE District Granite State Event","NE District Granite State Event","NHGRS",247,"Qualifying Event","District Event","FRC","Windham High School","Windham High School","Windham High School","NH","USA","Windham","64 London Bridge Road",,"2018-03-04T00:00:00","2018-03-02T00:00:00","03087",2018,37,"http://www.nefirst.org/",true,"FRC","FIRST Robotics Competition",true,200,"US",12,"USD","http://www.usfirst.org/roboticsprograms/frc/travel-discounts",28001,42.801406,-71.303561,,,"","",
"NE District Greater Boston Event","NE District Greater Boston Event","MABOS",247,"Qualifying Event","District Event","FRC","Revere High School","Revere High School","Revere High School","MA","USA","Revere","101 School Street",,"2018-04-08T00:00:00","2018-04-06T00:00:00","02151",2018,40,"http://www.nefirst.org/",true,"FRC","FIRST Robotics Competition",true,200,"US",34,"USD","http://www.usfirst.org/roboticsprograms/frc/travel-discounts",27895,42.415223,-71.005325,"",,"","",
"NE District Hartford Event","NE District Hartford Event","CTHAR",247,"Qualifying Event","District Event","FRC","Hartford Public High School","Hartford Public High School","Hartford Public High School","CT","USA","Hartford","55 Forest Street",,"2018-04-08T00:00:00","2018-04-06T00:00:00","06105",2018,40,"http://www.nefirst.org/",true,"FRC","FIRST Robotics Competition",true,200,"US",20,"USD","http://www.usfirst.org/roboticsprograms/frc/travel-discounts",27987,41.769774,-72.699048,,,"","",
"NE District North Shore Event","NE District North Shore Event","MAREA",247,"Qualifying Event","District Event","FRC","Reading Memorial High School","Reading Memorial High School","Reading Memorial High School","MA","USA","Reading","62 Oakland Road",,"2018-03-18T00:00:00","2018-03-16T00:00:00","01867",2018,40,"http://www.nefirst.org/",true,"FRC","FIRST Robotics Competition",true,200,"US",17,"USD","http://www.usfirst.org/roboticsprograms/frc/travel-discounts",27857,42.529523,-71.108868,"",,"","",
"Rocket City Regional","Rocket City Regional","ALHU",247,"Regional","Regional","FRC","Von Braun Center","Von Braun Center","Von Braun Center","AL","USA","Huntsville","700 Monroe Street SW",,"2018-03-17T00:00:00","2018-03-14T00:00:00","35801",2018,50,"http://firstinalabama.org/events/frc-events/rocket-city-regional/",true,"FRC","FIRST Robotics Competition",true,3,"US",27,"USD","http://www.usfirst.org/roboticsprograms/frc/travel-discounts",28077,34.725222,-86.566317,,,,,
"SBPLI Long Island Regional #1","SBPLI Long Island Regional #1","NYLI",247,"Regional","Regional","FRC","Hofstra University","Hofstra University","Hofstra University","NY","USA","Hempstead","Hofstra Arena",,"2018-04-11T00:00:00","2018-04-09T00:00:00","11550",2018,48,"http://www.sbpli-lifirst.org",true,"FRC","FIRST Robotics Competition",true,3,"US",30,"USD","http://www.usfirst.org/roboticsprograms/frc/travel-discounts",27919,40.708785,-73.624573,"",,"","",
"SBPLI Long Island Regional #2","SBPLI Long Island Regional #2","NYLI2",247,"Regional","Regional","FRC","Hofstra University","Hofstra University","Hofstra University","NY","USA","Hempstead","Hofstra Arena",,"2018-04-14T00:00:00","2018-04-12T00:00:00","11550",2018,48,"http://www.sbpli-lifirst.org",true,"FRC","FIRST Robotics Competition",true,3,"US",19,"USD","http://www.usfirst.org/roboticsprograms/frc/travel-discounts",33225,40.708785,-73.624573,,,,,
"Sacramento Regional","Sacramento Regional","CADA",247,"Regional","Regional","FRC","UC Davis ARC Pavilion","UC Davis ARC Pavilion","UC Davis ARC Pavilion","CA","USA","Davis","Corner of Orchard and LaRue",,"2018-03-24T00:00:00","2018-03-21T00:00:00","95616",2018,60,"http://www.firstsac.org",true,"FRC","FIRST Robotics Competition",true,3,"US",27,"USD","http://www.usfirst.org/roboticsprograms/frc/travel-discounts",27905,38.556431,-121.746377,"",,"","",""
"San Diego Regional","San Diego Regional","CASD",247,"Regional","Regional","FRC","Del Mar Fairgrounds Arena Complex","Del Mar Fairgrounds Arena Complex","Del Mar Fairgrounds Arena Complex","CA","USA","Del Mar","2260 Jimmy Durante Blvd",,"2018-03-10T00:00:00","2018-03-07T00:00:00","92014",2018,66,"http://sandiegoregional.com/",true,"FRC","FIRST Robotics Competition",true,3,"US",8,"USD","http://www.usfirst.org/roboticsprograms/frc/travel-discounts",27899,32.96187,-117.232665,"",,"","",
"San Francisco Regional","San Francisco Regional","CASF",247,"Regional","Regional","FRC","St. Ignatius College Preparatory","St. Ignatius College Preparatory","St. Ignatius College Preparatory","CA","USA","San Francisco","2001 37th Avenue",,"2018-03-18T00:00:00","2018-03-15T00:00:00","94116",2018,41,"http://www.firstsfbay.org",true,"FRC","FIRST Robotics Competition",true,3,"US",9,"USD","http://www.usfirst.org/roboticsprograms/frc/travel-discounts",28117,37.741108,-122.485687,,,,,
"Santa Fe Regional","Santa Fe Regional","MXSF",247,"Regional","Regional","FRC","ITESM Campus Santa Fe  PrepaTec and Salon de Congresos","ITESM Campus Santa Fe  PrepaTec and Salon de Congresos","ITESM Campus Santa Fe  PrepaTec and Salon de Congresos","DIF","Mexico","Delegacion Alvaro Obregon","Av. Carlos Lazo No. 100","Col. Santa Fe","2018-03-17T00:00:00","2018-03-14T00:00:00","01389",2018,40,,true,"FRC","FIRST Robotics Competition",true,3,"MX",12,"USD","http://www.usfirst.org/roboticsprograms/frc/travel-discounts",33353,19.3767,-99.1908,,,,,
"Seven Rivers Regional","Seven Rivers Regional","WILA",247,"Regional","Regional","FRC","La Crosse Center","La Crosse Center","La Crosse Center","WI","USA","La Crosse","300 Harborview Plaza",,"2018-04-07T00:00:00","2018-04-04T00:00:00","54601",2018,54,"http://www.wisconsinfrc.com/",true,"FRC","FIRST Robotics Competition",true,3,"US",24,"USD","http://www.usfirst.org/roboticsprograms/frc/travel-discounts",28103,43.795836,-91.221089,,,,,
"Shanghai Regional","Shanghai Regional","SHMI",247,"Regional","Regional","FRC","Shanghai Jiao Tong University Huo Yingdong Sports Center","Shanghai Jiao Tong University Huo Yingdong Sports Center","Shanghai Jiao Tong University Huo Yingdong Sports Center","31","China","Minhang District","901 Jiangchuan Rd",,"2018-03-18T00:00:00","2018-03-15T00:00:00","201100",2018,50,,true,"FRC","FIRST Robotics Competition",true,3,"CN",19,"USD","http://www.usfirst.org/roboticsprograms/frc/travel-discounts",32879,0,0,,,,,
"Shenzhen Regional","Shenzhen Regional","GUSH",247,"Regional","Regional","FRC","The Sports Center of Shenzhen University","The Sports Center of Shenzhen University","The Sports Center of Shenzhen University","44","China","Shenzhen City","No. 2032 Liuxian Road","Nanshan District","2018-03-10T00:00:00","2018-03-07T00:00:00","518000",2018,50,"http://share.hisports.tv/HiSportVideo.aspx?c=6208",true,"FRC","FIRST Robotics Competition",true,3,"CN",26,"USD","http://www.usfirst.org/roboticsprograms/frc/travel-discounts",28107,0,0,,,,,
"Silicon Valley Regional","Silicon Valley Regional","CASJ",247,"Regional","Regional","FRC","San Jose State University - The Event Center","San Jose State University - The Event Center","San Jose State University - The Event Center","CA","USA","San Jose","290 South 7th Street",,"2018-03-31T00:00:00","2018-03-28T00:00:00","95112",2018,60,"http://www.firstsv.org",true,"FRC","FIRST Robotics Competition",true,3,"US",19,"USD","http://www.usfirst.org/roboticsprograms/frc/travel-discounts",27891,37.345558,-121.883995,"",,"","",""
"Smoky Mountains Regional","Smoky Mountains Regional","TNKN",247,"Regional","Regional","FRC","Thompson-Boling Arena - University of Tennessee","Thompson-Boling Arena - University of Tennessee","Thompson-Boling Arena - University of Tennessee","TN","USA","Knoxville","1600 Phillip Fulmer Way #202",,"2018-03-24T00:00:00","2018-03-21T00:00:00","37996",2018,50,"http://tnfirst.org/events/",true,"FRC","FIRST Robotics Competition",true,3,"US",12,"USD","http://www.usfirst.org/roboticsprograms/frc/travel-discounts",27957,35.956034,-83.937037,"",,"","",""
"South Florida Regional ","South Florida Regional ","FLWP",247,"Regional","Regional","FRC","Palm Beach Convention Center","Palm Beach Convention Center","Palm Beach Convention Center","FL","USA","West Palm Beach","650 Okeechobee Blvd",,"2018-03-31T00:00:00","2018-03-28T00:00:00","33401",2018,60,"http://firstinflorida.com/",true,"FRC","FIRST Robotics Competition",true,3,"US",44,"USD","http://www.usfirst.org/roboticsprograms/frc/travel-discounts",27973,26.705811,-80.064783,"",,"","",""
"South Pacific Regional","South Pacific Regional","AUSP",247,"Regional","Regional","FRC","Sydney Olympic Park Sports Centre","Sydney Olympic Park Sports Centre","Sydney Olympic Park Sports Centre","NSW","Australia","Sydney Olympic Park","Olympic Boulevard",,"2018-03-18T00:00:00","2018-03-16T00:00:00","2127",2018,50,"https://firstaustralia.org/",true,"FRC","FIRST Robotics Competition",true,3,"AU",33,"USD","http://www.usfirst.org/roboticsprograms/frc/travel-discounts",28127,-33.8396,151.0545,,,,,
"Southern Cross Regional","Southern Cross Regional","AUSC",247,"Regional","Regional","FRC","Sydney Olympic Park Sports Centre","Sydney Olympic Park Sports Centre","Sydney Olympic Park Sports Centre","NSW","Australia","Sydney Olympic Park","Olympic Boulevard",,"2018-03-13T00:00:00","2018-03-10T00:00:00","2127",2018,50,"https://firstaustralia.org/",true,"FRC","FIRST Robotics Competition",true,3,"AU",39,"USD","http://www.usfirst.org/roboticsprograms/frc/travel-discounts",28129,-33.8396,151.0545,,,,,
"St. Louis Regional","St. Louis Regional","MOSL",247,"Regional","Regional","FRC","Chaifetz Arena","Chaifetz Arena","Chaifetz Arena","MO","USA","St. Louis","1 S. Compton Ave",,"2018-03-10T00:00:00","2018-03-07T00:00:00","63103",2018,48,"http://www.stlfirst.org/",true,"FRC","FIRST Robotics Competition",true,3,"US",7,"USD","http://www.usfirst.org/roboticsprograms/frc/travel-discounts",27859,38.633829,-90.213138,"",,"","",
"Utah Regional","Utah Regional","UTWV",247,"Regional","Regional","FRC","Maverik Center","Maverik Center","Maverik Center","UT","USA","West Valley City","3200 South Decker Lake Drive",,"2018-03-03T00:00:00","2018-02-28T00:00:00","84119",2018,48,"http://www.utfrc.utah.edu",true,"FRC","FIRST Robotics Competition",true,3,"US",23,"USD","http://www.usfirst.org/roboticsprograms/frc/travel-discounts",27937,40.692079,-111.947832,"",,"","",""
"Ventura Regional","Ventura Regional","CAVE",247,"Regional","Regional","FRC","Ventura College","Ventura College","Ventura College","CA","USA","Ventura","4667 Telegraph Road",,"2018-03-31T00:00:00","2018-03-28T00:00:00","93003",2018,42,"http://www.frcventuraregional.com/",true,"FRC","FIRST Robotics Competition",true,3,"US",14,"USD","http://www.usfirst.org/roboticsprograms/frc/travel-discounts",28049,34.270548,-119.217135,,,,,
"Wisconsin Regional","Wisconsin Regional","WIMI",247,"Regional","Regional","FRC","UW - Milwaukee Panther Arena","UW - Milwaukee Panther Arena","UW - Milwaukee Panther Arena","WI","USA","Milwaukee","400 West Kilbourn Avenue",,"2018-03-24T00:00:00","2018-03-21T00:00:00","53201",2018,54,"http://www.wisconsinfrc.com",true,"FRC","FIRST Robotics Competition",true,3,"US",28,"USD","http://www.usfirst.org/roboticsprograms/frc/travel-discounts",27875,43.036178,-87.916956,"",,"","",""
